S,E,I,R,H
53121,73,39,2402088.273739775,116
54419,187,110,2411324.442990163,232
55679,234,143,2420706.7493881956,336
56880,342,196,2430068.0767513537,434
57630,549,284,2439751.3482755935,561
57825,859,511,2449751.194808507,893
57175,1351,797,2460360.273932103,1496
57335,910,690,2471493.0006880783,2067
57087,1217,717,2482155.7298832713,1637
55823,1709,963,2493443.6979155927,2073
53542,2376,1362,2505421.9196547596,2861
50033,3078,1833,2518541.4900204996,3963
45868,3470,2163,2532768.060386175,5154
41455,3615,2329,2547676.5805311757,5797
40496,1816,1608,2561965.1142834895,5389
41126,855,776,2573959.1729731434,2975
42417,455,370,2584314.0311653884,1397
43922,198,214,2594080.4708738513,680
45054,294,183,2603758.014563104,454
46299,316,207,2613355.6777637606,473
47479,321,210,2623081.268003241,531
48792,234,178,2632808.9971683198,538
48403,310,174,2644082.9950113026,427
49442,357,228,2653900.6326130666,514
52420,306,187,2662019.399116587,388
53672,262,194,2671809.1656200425,454
54990,202,142,2681647.216607379,405
55964,293,157,2691618.7901555197,427
56868,342,209,2701681.696998381,479
57578,507,267,2711824.825298408,589
55912,719,456,2724164.4704613825,959
55871,926,529,2734998.5785551807,1268
55351,1176,674,2746186.9890732868,1577
55555,760,615,2757500.5019988553,1744
55638,881,527,2768418.7049058955,1412
55516,1038,648,2779247.0476985225,1401
54939,1254,778,2790462.390494081,1757
53726,1539,935,2802134.6677353843,2180
52084,1925,1097,2814127.265442726,2628
50077,2061,1308,2826595.8141816068,3105
49384,1308,1089,2839046.091838812,3223
49989,645,581,2850309.939109043,2061
51002,320,285,2860562.321754177,1091
52232,181,148,2870177.4945912664,558
53369,181,104,2879560.407266163,329
54484,189,131,2888832.9327051677,283
55469,245,143,2898059.8004479613,351
55374,174,123,2908503.705522665,324
56382,198,117,2917533.9533715392,292
57341,230,148,2926568.201220413,316
58187,308,165,2935451.318112159,407
58982,269,193,2944472.371108765,504
60052,212,125,2953126.596729216,391
60760,261,147,2961878.2132241777,403
62379,276,181,2969579.381093085,368
62988,390,221,2978066.652686901,504
63574,511,277,2986440.6528582526,639
61433,998,590,2996750.0044670305,1384
60504,1339,741,3006090.810322803,1724
60075,903,736,3015645.6668595383,2032
60025,892,571,3024541.2517805467,1503
59315,1115,674,3033325.0381582063,1582
58061,1470,866,3042431.824535816,1929
56505,1714,1059,3051698.516659488,2390
54631,1913,1224,3061321.657793946,2846
52487,2076,1303,3071133.500659851,3147
51464,1331,1085,3080944.421464242,3315
51908,624,557,3089406.388453292,2061
52788,321,289,3096632.513840691,1023
53828,169,138,3103326.5783347636,557
54718,162,107,3109718.333220893,306
55724,199,118,3115854.468602009,280
56561,220,142,3121923.2779,315
57328,187,126,3128153.4575490407,404
58278,185,116,3133871.746172084,296
59054,213,141,3139699.034795167,311
59734,258,168,3145356.136333388,370
60456,247,176,3150997.329197084,448
61419,184,110,3156327.7036923775,369
61613,298,152,3162041.522809367,335
62025,287,165,3167549.5137850596,427
62364,484,295,3172655.8695659125,628
62392,626,353,3178111.082901789,823
62279,709,434,3183547.182858567,1007
61756,854,531,3189276.664521906,1236
61771,596,476,3194782.7161646634,1373
62027,562,315,3199929.7678074515,996
61976,602,385,3204815.7229607166,931
61764,789,436,3209724.9337996263,1034
61266,921,536,3214715.4567247164,1333
60500,1043,673,3219891.034271562,1499
59481,1264,754,3225116.17093493,1795
58898,911,679,3230535.322699885,2029
59255,426,347,3235291.1190679753,1405
60008,220,203,3239042.052561275,666
60791,119,92,3242558.554601029,374
61409,125,76,3245856.477334342,213
62121,172,100,3248956.731012967,217
62761,195,116,3251941.850496545,278
63409,176,129,3254963.9699801016,298
64042,197,125,3257761.425524683,281
64455,259,145,3260694.949267904,345
64818,309,186,3263498.455895728,423
65173,333,208,3266296.591411906,516
65625,191,136,3269130.3329565017,454
65904,275,184,3271695.5290223258,343
66188,342,208,3274211.092147435,463
65824,531,304,3277050.762609653,662
65365,750,413,3279896.0334092523,913
64682,863,534,3282897.8333828147,1200
63365,1107,665,3286382.8013513787,1472
62573,882,701,3289716.38595028,1777
62223,716,421,3292864.970549167,1434
60471,1019,609,3296310.064920063,1490
59381,1124,739,3299325.0892583705,1692
58176,1279,769,3302375.514900796,1906
56673,1434,832,3305635.634093351,2096
55093,1511,910,3308942.3805013625,2312
53907,1144,842,3312361.249662233,2435
54098,525,426,3314943.3063298464,1709
54601,259,241,3316519.58057316,801
55295,119,103,3317702.9369945507,446
56037,73,63,3318513.2714350005,197
56767,73,40,3319271.917104536,150
57534,67,41,3319821.9668562687,112
58147,66,59,3320504.0166080086,117
60107,79,45,3319735.311445167,144
60979,110,63,3319979.7316223714,188
61579,133,87,3320406.9498102493,157
60200,172,129,3322731.395527511,314
60712,85,83,3323315.358080421,261
61212,204,103,3323571.1350123584,254
61612,232,147,3323955.1731052096,302
63801,351,227,3326333.2238677507,484
63801,351,227,3326333.2238677507,484
63801,351,227,3326333.2238677507,484
63801,351,227,3326333.2238677507,484
63801,351,227,3326333.2238677507,484
63801,351,227,3326333.2238677507,484
63801,351,227,3326333.2238677507,484
63801,351,227,3326333.2238677507,484
62122,539,315,3328097.9903570865,763
61975,618,356,3328446.547714218,885
61743,725,420,3328786.2438595253,970
61458,619,456,3329364.832732487,1162
61952,307,230,3329608.0814696006,965
62599,164,150,3329315.260335309,467
63387,99,80,3328785.6846001027,272
64166,99,69,3328062.011935515,160
64912,136,85,3327307.3392709275,196
65327,111,86,3326886.2689458816,179
66172,130,89,3325982.3032279187,210
67007,120,78,3325075.2127791913,192
67759,159,92,3324157.5124847894,226
69031,186,97,3322701.024848248,210
69687,215,135,3321795.14845432,293
70524,111,102,3320886.8523212094,330
71281,188,117,3319790.271136642,225
71988,261,171,3318695.656355895,349
73348,258,152,3317050.4930174015,295
73919,339,205,3316035.8945590276,463
74235,463,276,3315163.1845351676,598
74166,710,410,3314489.4745113105,815
74090,759,547,3313974.663205051,1215
74398,578,370,3313613.4419644885,1198
74247,904,513,3312853.2465422587,1042
73400,1366,769,3312526.5495536695,1492
71513,1950,1077,3313045.2520620795,2282
68662,2533,1496,3314399.114793989,3192
64449,3368,1993,3316772.9972792817,4333
60334,3189,2293,3320237.455200374,5516
59873,1577,1304,3322764.7997092195,4714
60401,795,668,3323095.8882881845,2500
61441,431,391,3322137.976867146,1269
65108,384,218,3318107.731572485,670
66011,483,281,3316459.4862778154,608
66587,633,350,3315065.302568359,805
66946,817,505,3313764.758868751,1027
67673,717,408,3312622.9187910603,1155
67861,935,552,3311456.1121552135,1167
67496,1262,726,3310698.897755751,1601
66913,1520,860,3310263.863652153,2074
67695,765,642,3309827.2871624506,1976
67640,1002,613,3309043.1722575785,1473
65853,1537,920,3309356.476143031,2102
64650,1864,1105,3309411.8718944853,2563
62801,2204,1377,3310013.2676459393,3007
60214,2612,1564,3311365.0904003307,3737
56555,2954,1842,3313763.699463274,4477
54187,2411,1911,3315961.3366253353,4786
54398,1347,1066,3317013.861655154,3703
53758,1560,959,3316899.1194199086,2460
53166,1508,1026,3316825.263071982,2510
52688,1499,975,3316709.947634363,2479
52083,1545,960,3316627.4125638553,2497
51598,1442,977,3316540.330118805,2447
51283,1275,961,3316375.818981095,2438
52358,567,514,3315792.775723637,1893
53834,267,258,3314203.991174111,942
55532,148,121,3312093.206624589,446
57312,105,66,3309736.437993113,229
59004,118,73,3307349.0826869393,185
60817,125,72,3304849.668288308,159
62121,157,113,3302790.444880855,186
63591,137,81,3300686.1909100986,245
64985,181,104,3298535.802056767,220
66154,97,55,3296807.514708826,123
67451,127,86,3294752.663064762,146
68947,69,51,3292651.158909034,197
70242,90,52,3290629.59554385,136
71405,123,76,3288704.720111922,137
72512,204,131,3286749.3897521193,236
73337,296,158,3285093.0593923125,382
74061,418,237,3283448.99631955,493
74419,616,350,3282059.8921056036,738
74469,742,508,3281000.4039158546,1043
75814,443,292,3279442.5189884845,910
75927,683,391,3278258.601210972,830
75391,1099,590,3277443.9287109105,1160
75160,1468,801,3276356.576874769,1641
73003,2051,1105,3276883.1099424856,2444
69561,2835,1644,3278257.319576816,3419
65005,3379,2148,3281014.051353025,4861
64021,1687,1446,3283640.783129229,4680
63998,932,775,3284330.7416124847,2761
64475,491,445,3283865.6652379213,1535
65310,376,253,3282572.169390608,838
65860,469,278,3281137.27800574,678
66172,599,324,3279877.3233570773,774
68108,899,504,3276686.6101026307,1235
68279,715,454,3275971.192181845,1284
67787,996,562,3275291.650198545,1299
66887,1289,786,3274889.7645347845,1645
65121,1616,943,3275381.3869633037,2050
64228,991,810,3276241.0323573966,2461
63372,1056,612,3276431.8385119773,1749
62592,1241,689,3276151.644666558,1765
61439,1461,880,3276088.1363028423,1935
60292,1644,1010,3276116.250194054,2376
56504,2035,1323,3278388.505505768,3123
54375,2157,1347,3279558.0773176304,3383
52155,2148,1428,3280888.194192736,3459
52378,925,811,3281684.374109542,2980
52091,945,657,3281281.450436019,1689
51835,955,630,3280726.3886420513,1629
51513,1007,675,3280121.5223078006,1592
51182,1067,668,3279564.3689870825,1686
50985,1080,671,3278909.6578799225,1712
50782,1009,659,3278353.5632167454,1720
51530,444,401,3277586.4685535734,1444
52514,222,189,3276188.2194033097,751
54209,71,70,3273914.3335819733,261
55567,44,33,3271766.585618845,131
56823,51,31,3269650.058823348,79
57994,67,43,3267591.909935302,81
59133,86,53,3265561.892349948,125
60388,42,38,3263501.440424964,73
61391,66,43,3261601.082234049,87
62386,90,60,3259695.4251600453,112
63430,117,74,3257735.8765475755,152
64703,30,28,3255721.1144501125,82
65856,33,11,3253701.58825798,58
66827,39,19,3251836.0620658426,39
67889,41,30,3249875.784879392,59
68796,67,27,3248059.7445798595,83
69784,76,33,3246167.275045572,109
70587,104,62,3244416.246768206,113
71321,173,94,3242687.9278099653,199
72242,86,75,3240977.43768463,237
73070,143,81,3239189.6122263633,182
73798,202,116,3237468.18638293,240
74285,318,177,3235904.197348525,380
74473,476,247,3234585.3619165416,543
74825,516,291,3233246.5264845532,652
75754,612,313,3231293.8333390527,741
76070,380,318,3230299.114448386,867
76644,259,190,3229066.4697042643,623
77297,173,139,3227642.393484785,407
77979,139,82,3226142.1400657794,297
78226,275,175,3224756.2326470446,297
78344,451,237,3223489.713477024,544
78942,527,283,3221858.5009888913,541
79121,432,279,3220867.0589917866,816
78680,774,421,3219912.0675641326,815
77540,1174,672,3219489.0456638476,1296
75355,1893,1035,3219679.8014262174,2033
73683,1441,1089,3220837.557188593,2928
72452,1521,921,3221244.491899453,2328
72334,1995,1147,3219750.4367394787,2357
68348,2938,1635,3221393.608639119,3484
63268,3693,2202,3224239.8474754156,4759
57149,4279,2641,3228422.2745531998,6131
50962,4429,2828,3233360.8280618284,6944
45467,4115,2820,3238266.523794251,7102
44115,1794,1621,3242227.412651601,6118
43305,1429,1034,3243078.390515229,3151
42708,1251,799,3243177.63539767,2355
42535,1017,684,3242788.9088690435,1915
42485,905,580,3242144.5304526463,1579
42595,775,556,3241278.1520362548,1429
42891,633,450,3240320.131969486,1308
43908,291,265,3238920.1509306254,937
45033,124,113,3237204.4741006456,488
46256,56,59,3235193.9111156994,198
47548,24,22,3233061.590999139,105
48810,20,9,3230907.4667441705,46
50072,20,6,3228739.516817514,29
51378,22,20,3226508.8519689115,38
52553,6,7,3224454.285708722,35
53615,18,13,3222466.100942854,50
54827,21,12,3220343.9318256928,29
56404,47,26,3217819.2478186265,78
57303,25,22,3216038.563811555,70
58409,25,17,3214030.3173471307,43
59500,34,19,3212021.1438064743,43
60544,42,30,3210051.295595062,54
61566,56,39,3208099.5983534264,78
62357,81,53,3206363.1205427144,103
63177,112,65,3204593.8544636057,138
63940,167,82,3202852.7176343924,207
64948,91,85,3201011.837581654,217
65728,84,45,3199373.012314836,175
66585,93,55,3197591.473152299,152
67722,201,108,3195387.933989762,237
67492,375,240,3194406.6866199537,476
67559,526,278,3193245.4432111387,671
67359,670,403,3192271.403429079,868
67507,467,391,3191433.410637816,1069
68120,265,218,3190290.549024397,771
68872,129,126,3188861.7617145204,431
69667,72,53,3187292.0488504907,235
70384,93,61,3185641.4218855267,134
71027,140,65,3184042.828351671,181
71596,191,101,3182482.316595444,202
71666,320,229,3181250.8129726467,561
71933,461,237,3179930.3712889967,613
71673,652,387,3178944.9296053527,780
70812,1023,568,3178349.511410621,1113
70141,861,662,3178184.09466308,1680
70471,621,405,3177446.799465689,1252
69776,947,542,3176774.541016012,1125
68509,1398,766,3176462.879671867,1620
66444,1832,1073,3176883.6268736036,2242
63728,2413,1443,3177746.2265808936,3014
59814,2935,1822,3179858.0052852146,4033
55327,3307,2010,3182884.5346791563,4843
53070,1930,1650,3185980.3707375466,5071
51776,1659,1144,3187153.4984534816,3213
50072,1738,1200,3187828.417717421,2778
48386,1737,1127,3188694.3369813547,2964
46759,1688,1108,3189499.8407113706,2860
45523,1538,1008,3190096.8690320263,2727
44640,1362,919,3190360.3342059404,2483
44715,730,672,3190281.497434797,2140
45611,326,313,3189269.5926879477,1183
47581,130,126,3186806.916676483,497
48699,72,69,3184931.310644094,214
49801,73,54,3182975.8212434896,139
50850,70,55,3181063.1825607615,128
52525,66,51,3178537.9056224944,99
53539,60,47,3176675.902924773,119
53901,33,14,3175525.864300317,35
54828,30,17,3173750.8256758563,40
56328,35,14,3171410.3917635134,39
57299,25,28,3169598.617304048,56
58341,16,11,3167754.1344793276,51
59397,17,15,3165868.5792712853,24
60885,63,39,3163492.527251544,62
61798,68,42,3161759.863319648,112
62661,102,73,3160024.6567433765,143
63464,133,85,3158380.4853474493,196
64210,196,120,3156740.516107119,272
64680,168,130,3155504.4385070573,344
65519,153,89,3153937.360906995,250
65718,251,158,3152801.715950967,338
65890,349,210,3151710.3334066533,511
66003,462,260,3150677.3108314485,621
65854,633,373,3149788.224602505,844
65371,837,524,3149172.2163007306,1060
65085,672,543,3148866.027647049,1402
65437,379,302,3148317.4255113066,1101
66028,251,169,3147265.735692751,597
66839,140,105,3145912.931615562,359
67523,162,90,3144517.3418917833,222
68151,266,150,3143022.727765624,260
68491,361,203,3141847.8393964902,434
68825,361,236,3140793.9510273603,591
69159,421,230,3139736.221359349,544
69075,616,328,3138858.6356047485,671
68594,880,497,3138252.48093266,1012
67771,904,665,3138233.7990522264,1441
67743,633,381,3138178.529270873,1416
67129,926,549,3137701.2133767526,1075
65884,1264,729,3137805.898599601,1571
63932,1717,993,3138429.8542130073,2121
61407,2124,1236,3139698.399315536,2859
58119,2539,1529,3141686.392809743,3575
54639,2746,1692,3144205.645517403,4143
52353,1862,1563,3146931.4432658926,4338
51464,1414,933,3148325.2410143786,3015
50035,1514,975,3149055.6196805094,2383
48742,1477,971,3149834.9880567524,2476
47551,1447,946,3150539.5361524983,2351
46525,1413,882,3151127.2415297865,2328
45669,1277,829,3151645.806780697,2245
45556,767,689,3151890.6155325025,2033
46343,367,338,3151343.045664141,1251
47406,185,163,3150136.724163933,610
48516,88,91,3148698.8669018312,291
50395,58,35,3146423.1815229114,100
51458,73,55,3144842.884592533,102
52581,66,48,3143268.6017083684,130
53621,63,45,3141769.318824204,120
54632,51,22,3140342.598819331,99
55750,39,32,3138778.4848033837,67
56745,49,26,3137342.7869547145,79
57504,77,66,3136084.6081802975,137
58546,46,29,3134687.8006703365,127
59577,34,21,3133262.3644248336,78
60885,24,17,3131559.3749804734,22
61761,49,25,3130252.6522069685,66
62756,52,29,3128855.4680994526,81
63353,109,84,3127765.470654814,143
64049,179,81,3126621.4732101783,203
64797,135,98,3125535.839353526,238
65686,108,66,3124341.5790947736,207
66391,153,119,3123187.7778883325,190
66936,263,136,3122168.2666724552,298
67362,347,200,3121257.3058443773,410
67550,463,254,3120568.5555282645,607
67448,633,340,3120091.442806752,762
69060,401,322,3118415.465247401,714
69779,232,188,3117690.208360753,628
70501,135,119,3116837.0154151632,380
71282,93,73,3115848.6220914274,227
72065,121,67,3114763.225616497,143
72713,197,117,3113708.829141568,212
73203,295,177,3112796.1154366313,340
73478,402,239,3112088.52728935,528
73833,389,241,3111493.704460771,592
73637,625,359,3111088.9364981316,755
72949,971,524,3111029.012274072,1149
71694,1318,810,3111421.0763529767,1656
71614,723,541,3112141.9697422357,1843
70890,1048,577,3112291.6617072225,1346
66750,1999,1134,3114714.035203812,2312
63379,2614,1531,3116875.2868495327,3390
58958,3232,1989,3120023.430711679,4335
53922,3739,2264,3124093.9578202735,5548
48943,3661,2444,3128787.4849288664,6051
45429,2629,2140,3133465.553366789,6020
44993,1411,1064,3136025.0717204567,4056
44180,1340,877,3136933.9522364587,2413
43642,1179,751,3137600.1776173934,2167
43352,1021,711,3137935.033176622,1817
43378,951,583,3137958.6813669642,1655
43583,752,513,3137877.6749345902,1440
43979,554,432,3137621.46171654,1170
44974,229,217,3137028.7562577464,860
46290,87,83,3135857.397413498,401
47553,42,43,3134548.155893461,151
48815,41,29,3133176.3672051565,92
50038,39,32,3131827.5785168516,65
51184,39,30,3130563.2498388533,73
52510,46,29,3129111.7470886903,58
53723,49,27,3127780.924061961,60
54854,54,34,3126522.423032127,80
56061,55,34,3125200.2686218256,88
57168,54,37,3123978.4850944746,92
58277,18,22,3122808.2246827586,74
59391,23,15,3121585.068626271,50
60473,27,16,3120387.10617725,38
61061,42,32,3119658.26430477,52
62458,45,32,3118148.422432291,69
63070,60,39,3117405.7436319618,106
63929,104,74,3116359.0968427933,126
64581,158,135,3115484.309879033,296
65572,106,75,3114497.7390724984,269
66309,166,106,3113562.7663172013,195
66937,225,146,3112729.1523926463,281
67266,387,196,3112081.916217682,459
67530,508,320,3111467.1400743965,625
67375,770,429,3111145.562851638,925
66846,876,597,3111295.5053889635,1304
67208,491,383,3111427.509490302,1288
67892,282,261,3110970.0516075664,771
68639,177,146,3110338.5937248305,494
69518,158,97,3109423.582001392,306
70182,222,103,3108585.6045978987,265
71611,309,202,3106866.899841634,352
71808,514,284,3106279.2838167152,539
72224,428,262,3105867.8083995134,740
72104,659,403,3105512.4346525054,784
71171,1076,647,3105681.110946238,1202
69234,1648,929,3106660.8603764367,1936
68909,947,757,3107755.6098066345,2268
67848,1349,738,3108330.359236833,1748
66072,1774,974,3109342.1086670314,2222
64204,2316,1289,3110249.8580972566,2797
60374,2914,1751,3112916.607527455,3750
55894,3358,2039,3116561.3569576535,4913
51219,3466,2312,3120752.106387852,5497
47378,2930,2221,3125116.85581805,5751
47025,1421,1102,3127994.6052482487,4362
45984,1379,994,3129082.354678447,2578
45273,1348,900,3129815.1041086456,2307
44701,1206,804,3130521.8535388433,2178
44376,1073,733,3130947.602969042,1920
44306,913,606,3131201.3523992402,1802
44539,709,530,3131145.101829439,1451
45554,294,273,3130698.8512596376,1064
46800,148,109,3129659.6006898354,486
48113,51,61,3128388.350120034,221
49597,34,23,3126856.0995502323,95
50932,22,20,3125432.848980431,50
52198,22,20,3124063.5984106287,42
52805,54,33,3123308.3478408274,68
54082,43,32,3121940.097271026,84
55278,57,34,3120624.8467012243,76
56494,69,42,3119285.596131423,89
57818,57,26,3117886.345561621,93
58900,33,20,3116731.0949918195,78
60147,31,21,3115381.8444220177,54
61435,19,7,3114016.5938522164,34
62281,56,35,3113002.343282414,79
63417,128,68,3111658.092712613,172
64287,148,96,3110636.8421428115,198
65053,229,116,3109666.5915730097,264
65690,295,159,3108817.341003208,368
66621,156,121,3107960.090433406,366
67377,242,150,3106985.839863605,279
68019,340,191,3106101.589293803,420
68341,463,280,3105464.3387240013,574
68370,594,382,3105099.0881542,854
68037,854,515,3104935.837584398,1094
67013,1223,678,3105324.587014597,1509
67281,632,534,3105688.3364447947,1642
67776,352,333,3105571.0858749934,1054
68564,233,189,3104942.8353051916,644
68934,187,123,3104581.5847353903,402
69539,322,176,3103685.334165588,337
69939,465,267,3102948.0835957867,543
72996,534,301,3099684.8330259854,647
73137,517,306,3099452.5824561836,828
72701,861,493,3099254.3318863823,929
71497,1324,731,3099654.08131658,1525
69314,1966,1093,3100729.8307467788,2302
69314,1966,1093,3100729.8307467788,2302
51908,35,21,2403357.273739775,73
54265,201,115,2411459.442990163,232
55486,298,153,2420825.7493881956,342
56549,409,230,2430298.0767513537,455
57152,617,334,2440111.3482755935,733
57269,942,498,2450237.194808507,1066
57340,1353,742,2460248.273932103,1450
57341,881,713,2471493.0006880783,2050
56924,1282,731,2482239.7298832713,1651
55411,1920,1018,2493589.6979155927,2254
52749,2568,1546,2505838.9196547596,3103
48826,3336,2018,2519305.4900204996,4429
44180,3816,2368,2533905.060386175,5506
39634,3801,2580,2549060.5805311757,6171
38554,1964,1742,2563625.1142834895,5691
39151,924,852,2575789.1729731434,3176
40458,428,387,2586283.0311653884,1542
42025,194,184,2596011.4708738513,704
43433,267,157,2605432.014563104,401
44791,277,179,2614930.6777637606,420
45968,333,202,2624588.268003241,477
47256,238,179,2634339.9971683198,503
49941,282,165,2642581.9950113026,390
51343,221,147,2652216.6326130666,310
52287,291,178,2662176.399116587,400
53516,206,140,2672075.1656200425,490
54901,176,84,2681820.216607379,318
55949,223,127,2691733.7901555197,287
57020,344,185,2701551.696998381,470
57438,467,294,2711977.825298408,637
55974,719,446,2724112.4704613825,960
55837,907,549,2735031.5785551807,1270
55535,1131,661,2746060.9890732868,1458
55703,693,556,2757478.5019988553,1717
55389,985,549,2768541.7049058955,1458
55186,1115,674,2779474.0476985225,1478
54435,1361,872,2790765.390494081,1879
52946,1734,1054,2802600.6677353843,2369
50922,2067,1263,2814981.265442726,2895
48564,2292,1460,2827725.8141816068,3389
47630,1279,1150,2840768.091838812,3663
48263,600,546,2852115.939109043,2154
49447,292,247,2862183.321754177,1019
50767,158,115,2871698.4945912664,467
52011,148,94,2880961.407266163,258
53287,179,102,2890068.9327051677,243
54310,214,114,2899278.8004479613,282
55459,161,131,2908423.705522665,322
56677,162,107,2917284.9533715392,290
57645,215,134,2926293.201220413,292
58530,251,156,2935174.318112159,360
59403,205,161,2944147.371108765,411
60563,152,88,2952712.596729216,321
61582,233,130,2961101.2132241777,258
62910,271,171,2969063.381093085,322
63490,375,197,2977603.652686901,422
63325,455,278,2986744.6528582526,587
62097,906,514,2996254.0044670305,1199
61269,1212,708,3005485.810322803,1537
61083,747,656,3014873.6668595383,1901
61162,752,467,3023648.2517805467,1333
59255,1171,658,3033345.0381582063,1591
58108,1421,898,3042401.824535816,1909
56356,1771,1032,3051817.516659488,2414
54243,1906,1288,3061652.657793946,2950
51853,2182,1340,3071624.500659851,3314
50740,1411,1177,3081496.421464242,3370
51117,632,633,3090113.388453292,2192
51924,315,313,3097478.513840691,1113
53620,182,150,3103509.5783347636,595
54563,192,135,3109815.333220893,299
55430,233,152,3116080.468602009,325
56097,311,203,3122235.2779,389
58711,176,133,3126774.4575490407,356
57746,123,76,3134505.746172084,214
58711,138,82,3140176.034795167,204
59431,216,114,3145755.136333388,342
60145,289,244,3151198.329197084,580
61074,198,130,3156638.7036923775,458
61389,277,156,3162282.522809367,372
62154,382,234,3167256.5137850596,519
62439,443,287,3172629.8695659125,597
62499,535,305,3178143.082901789,743
62277,686,436,3183570.182858567,853
61856,850,504,3189207.664521906,1188
61865,592,492,3194676.7161646634,1329
61946,555,374,3199958.7678074515,996
61727,714,461,3204876.7229607166,989
61334,872,480,3210027.9337996263,1252
60663,1019,582,3215174.4567247164,1389
59788,1082,693,3220544.034271562,1645
58710,1250,751,3225904.17093493,1854
58071,914,726,3231312.322699885,1985
58373,462,390,3236094.1190679753,1426
59904,216,184,3239169.052561275,700
60782,153,96,3242529.554601029,368
61622,109,67,3245668.477334342,212
62357,138,85,3248769.731012967,176
63008,174,111,3251720.850496545,223
63645,155,129,3254748.9699801016,300
64251,184,110,3257580.425524683,286
64750,221,140,3260442.949267904,320
65142,328,178,3263163.455895728,367
65265,276,224,3266245.591411906,549
65840,193,130,3268919.3329565017,443
66080,265,151,3271562.5290223258,350
66480,344,223,3273902.092147435,423
65907,477,281,3277044.762609653,645
65386,688,419,3279931.0334092523,928
64397,899,539,3283141.8333828147,1242
63464,1005,639,3286411.8013513787,1485
62398,878,702,3289894.38595028,1850
61322,848,573,3293481.970549167,1645
60513,995,572,3296329.064920063,1542
59404,1159,697,3299309.0892583705,1701
58245,1249,795,3302310.514900796,1934
56625,1456,929,3305564.634093351,2174
55047,1537,899,3308973.3805013625,2383
55216,992,799,3311247.249662233,2130
55383,434,427,3313748.3063298464,1563
55986,218,199,3315217.58057316,777
55335,123,109,3317652.9369945507,425
56072,96,50,3318468.2714350005,214
56734,86,79,3319252.917104536,148
58847,101,66,3318449.9668562687,162
59454,95,67,3319160.0166080086,187
60407,108,69,3319382.311445167,168
58550,101,63,3322417.7316223714,168
59125,113,81,3322886.9498102493,182
60154,174,127,3322777.395527511,312
60729,95,64,3323307.358080421,264
61342,141,78,3323529.1350123584,219
61624,209,148,3323965.1731052096,296
64142,298,196,3326076.2238677507,396
64142,298,196,3326076.2238677507,396
64142,298,196,3326076.2238677507,396
64142,298,196,3326076.2238677507,396
64142,298,196,3326076.2238677507,396
64142,298,196,3326076.2238677507,396
64142,298,196,3326076.2238677507,396
64142,298,196,3326076.2238677507,396
62313,530,314,3327916.9903570865,749
61880,620,359,3328536.547714218,909
61614,716,421,3328923.2438595253,984
61232,641,501,3329523.832732487,1152
61538,348,289,3329922.0814696006,988
62166,187,174,3329701.260335309,562
63091,104,88,3329068.6846001027,306
63790,93,56,3328457.011935515,186
64512,107,70,3327751.3392709275,139
65922,98,76,3326314.2689458816,133
66789,119,80,3325385.3032279187,189
67493,113,63,3324611.2127791913,189
68337,131,62,3323637.5124847894,172
69126,152,71,3322666.024848248,200
69711,219,148,3321754.14845432,313
70869,80,74,3320600.8523212094,237
71749,127,77,3319423.271136642,154
72603,174,104,3318234.656355895,214
73295,236,145,3317132.4930174015,290
73958,352,195,3315993.8945590276,432
74357,514,297,3314969.1845351676,585
74321,711,409,3314334.4745113105,885
74171,743,512,3313944.663205051,1233
74738,556,339,3313326.4419644885,1119
74732,831,469,3312485.2465422587,987
74010,1195,635,3312221.5495536695,1389
72706,1671,928,3312280.2520620795,1953
70230,2306,1362,3313192.114793989,2773
66606,3009,1745,3315222.9972792817,3961
62879,2886,2095,3318193.455200374,4950
62426,1504,1249,3320339.7997092195,4286
62936,776,683,3320564.8882881845,2404
63948,403,356,3319693.976867146,1304
65029,400,292,3318096.731572485,722
65763,524,309,3316638.4862778154,754
66420,679,356,3315180.302568359,868
66753,847,444,3313988.758868751,1073
67471,701,392,3312856.9187910603,1105
67743,971,558,3311532.1121552135,1184
67587,1244,740,3310611.897755751,1546
66658,1557,901,3310440.863652153,2165
67207,812,676,3310234.2871624506,2121
67684,997,575,3309042.1722575785,1367
65895,1553,906,3309312.476143031,2035
64683,1841,1058,3309448.8718944853,2611
62855,2185,1336,3310019.2676459393,3022
59466,2748,1648,3311893.0904003307,3929
56374,2965,1913,3313862.699463274,4435
53779,2502,1933,3316256.3366253353,4917
53861,1423,1002,3317538.861655154,3838
53497,1471,906,3317302.1194199086,2407
52984,1437,951,3317153.263071982,2322
52477,1459,923,3317012.947634363,2410
52034,1369,937,3316875.4125638553,2351
51676,1341,918,3316622.330118805,2330
51632,1225,844,3316193.818981095,2263
52744,546,490,3315451.775723637,1742
54115,271,224,3313952.991174111,912
55879,121,97,3311797.206624589,434
57643,91,60,3309425.437993113,195
59226,110,69,3307139.0826869393,144
60764,128,80,3304891.668288308,172
62210,165,84,3302722.444880855,229
63800,140,83,3300472.1909100986,261
64759,65,42,3298939.802056767,108
66178,88,44,3296803.514708826,123
67512,132,72,3294700.663064762,150
69006,67,50,3292595.158909034,189
70395,77,32,3290509.59554385,123
71718,93,59,3288438.720111922,110
72905,145,75,3286471.3897521193,168
73872,212,126,3284674.0593923125,229
74626,336,173,3283029.99631955,357
74390,603,344,3282107.8921056036,746
75250,644,397,3280428.4039158546,863
76526,363,250,3278852.5189884845,877
76697,627,342,3277593.601210972,728
76345,976,546,3276656.9287109105,1048
75895,1230,721,3275939.576874769,1424
74035,1825,999,3276183.1099424856,2173
71039,2511,1471,3277276.319576816,3042
67174,2967,1948,3279457.051353025,4237
66338,1532,1235,3281689.783129229,4321
66345,825,710,3282155.7416124847,2490
66930,480,410,3281456.6652379213,1385
67700,385,234,3280192.169390608,773
68195,538,316,3278695.27800574,650
68398,745,417,3277412.3233570773,895
68362,843,503,3276489.6101026307,1017
68239,758,428,3275994.192181845,1325
67331,975,570,3275760.650198545,1343
66547,1308,697,3275299.7645347845,1688
64648,1633,1001,3275779.3869633037,2320
63603,1024,840,3276803.0323573966,2741
63433,1017,616,3276405.8385119773,1736
62663,1203,723,3276084.644666558,1671
61596,1496,825,3275951.1363028423,1994
58596,1895,1171,3277400.250194054,2764
55862,2336,1358,3278694.505505768,3402
53349,2340,1501,3280247.0773176304,3737
50981,2329,1501,3281808.194192736,3806
51168,1038,885,3282707.374109542,3183
50818,1041,617,3282498.450436019,1887
50737,937,650,3281822.3886420513,1625
50611,917,593,3281195.5223078006,1606
50617,847,548,3280469.3689870825,1482
50730,763,560,3279592.6578799225,1311
50836,757,491,3278719.5632167454,1347
51734,336,298,3277593.4685535734,1060
52922,147,149,3275895.2194033097,533
54270,76,72,3273846.3335819733,264
55461,41,28,3271880.585618845,135
56751,49,37,3269718.058823348,70
58025,58,22,3267590.909935302,85
59212,49,36,3265536.892349948,67
60329,41,28,3263571.440424964,73
61503,70,46,3261482.082234049,95
62559,72,42,3259558.4251600453,75
63624,56,37,3257639.8765475755,70
64552,43,43,3255844.1144501125,98
65591,46,28,3253936.58825798,84
66915,34,21,3251751.0620658426,51
67967,46,22,3249800.784879392,51
68992,57,31,3247869.7445798595,71
69984,70,53,3245953.275045572,101
70878,111,62,3244118.246768206,137
71398,169,84,3242624.9278099653,199
72305,98,66,3240911.43768463,228
73081,139,73,3239190.6122263633,183
73803,167,88,3237526.18638293,237
74388,225,119,3235952.197348525,270
74708,369,208,3234496.3619165416,415
75767,412,251,3232448.5264845532,508
75642,630,338,3231362.8333390527,698
75936,368,349,3230414.114448386,925
76409,278,202,3229270.4697042643,698
77025,162,121,3227943.393484785,440
77792,156,96,3226298.1400657794,279
78408,186,114,3224724.2326470446,224
78779,303,183,3223256.713477024,368
79507,477,245,3221381.5009888913,559
79541,453,350,3220355.0589917866,730
78889,890,475,3219533.0675641326,953
78894,944,519,3218518.0456638476,1031
77277,1511,847,3218327.8014262174,1598
75925,1250,887,3218988.557188593,2439
74770,1427,765,3219176.491899453,1974
71521,2040,1250,3220415.4367394787,2483
67776,2876,1558,3222104.608639119,3532
62904,3514,2132,3224852.8474754156,4745
57044,4122,2553,3228772.2745531998,5886
50881,4236,2812,3233650.8280618284,6912
45537,3916,2590,3238625.523794251,7040
44269,1773,1580,3242135.412651601,5651
43169,1490,1080,3243107.390515229,3085
42388,1263,908,3243376.63539767,2428
42037,1048,738,3243201.9088690435,2092
41967,894,627,3242626.5304526463,1713
42083,746,547,3241828.1520362548,1463
42901,621,460,3240312.131969486,1271
43892,271,236,3238985.1509306254,988
45058,124,109,3237183.4741006456,462
46308,56,40,3235160.9111156994,199
47679,27,21,3232928.590999139,78
48944,21,19,3230762.4667441705,46
50131,26,14,3228666.516817514,39
51293,19,18,3226598.8519689115,51
52472,30,17,3224501.285708722,56
54224,41,20,3221827.100942854,53
55311,44,25,3219823.9318256928,66
56217,44,34,3218001.2478186265,84
57379,54,34,3215921.563811555,108
58955,15,14,3213497.3173471307,43
59950,17,17,3211590.1438064743,30
60472,41,15,3210139.295595062,56
61417,39,21,3208283.5983534264,58
62950,76,58,3205770.1205427144,124
63691,120,73,3204063.8544636057,134
64544,163,81,3202253.7176343924,208
65409,94,88,3200544.837581654,216
66254,131,74,3198771.012314836,174
67060,156,68,3197040.473152299,213
67582,189,115,3195532.933989762,221
67497,435,241,3194340.6866199537,538
67512,563,303,3193230.4432111387,697
67317,700,399,3192287.403429079,889
67439,469,378,3191512.410637816,1130
67991,282,229,3190391.549024397,748
68738,155,151,3188944.7617145204,458
69598,96,85,3187305.0488504907,293
70353,141,86,3185599.4218855267,187
70875,226,117,3184056.828351671,254
71232,330,183,3182625.316595444,367
71581,268,214,3181402.8129726467,552
71771,433,238,3180119.3712889967,525
71593,626,358,3179079.9296053527,756
71058,876,513,3178305.511410621,1089
70463,759,604,3178022.09466308,1474
70935,656,382,3176970.799465689,1211
70164,970,568,3176337.541016012,1137
68816,1392,746,3176181.879671867,1691
66713,1852,1054,3176613.6268736036,2237
63875,2364,1395,3177696.2265808936,3078
59994,2977,1709,3179749.0052852146,3946
55385,3348,2075,3182720.5346791563,4833
52997,1988,1654,3185991.3707375466,5227
51650,1621,1094,3187367.4984534816,3306
50098,1710,1099,3187931.417717421,2700
48612,1711,1052,3188569.3369813547,2734
47367,1602,1012,3189073.8407113706,2618
46293,1420,927,3189525.8690320263,2541
45291,1303,873,3189814.3342059404,2316
45630,718,609,3189441.497434797,1951
46490,314,267,3188448.5926879477,1108
48050,150,143,3186300.916676483,482
49156,72,72,3184471.310644094,260
50322,61,34,3182486.8212434896,142
51447,64,32,3180495.1825607615,86
51667,42,29,3179441.9056224944,69
52679,26,18,3177598.902924773,70
53767,34,13,3175659.864300317,40
55240,23,16,3173346.8256758563,55
56177,47,18,3171545.3917635134,58
58094,24,34,3168798.617304048,71
59174,13,15,3166920.1344793276,57
60208,17,8,3165064.5792712853,31
60947,29,21,3163482.527251544,55
61736,64,48,3161819.863319648,109
62648,127,61,3160024.6567433765,142
63473,140,75,3158374.4853474493,180
63993,226,123,3156924.516107119,314
64766,164,116,3155436.4385070573,346
65370,164,90,3154074.360906995,294
65735,295,168,3152730.715950967,337
66063,343,183,3151570.3334066533,496
65979,529,267,3150627.3108314485,681
65482,768,460,3149938.224602505,1017
64596,1089,619,3149600.2163007306,1353
64111,834,690,3149531.027647049,1737
65581,381,314,3148159.4255113066,1072
66230,222,177,3147084.735692751,614
67101,123,108,3145664.931615562,351
67682,177,90,3144343.3418917833,232
68243,225,125,3142996.727765624,266
68672,312,174,3141744.8393964902,376
69106,318,214,3140577.9510273603,525
69497,405,217,3139427.221359349,527
69554,521,333,3138469.6356047485,646
69201,739,417,3137866.48093266,980
68760,717,514,3137582.7990522264,1266
67754,612,414,3138155.529270873,1386
67243,861,545,3137656.2133767526,1079
65820,1252,713,3137897.898599601,1587
64082,1722,955,3138312.8542130073,2102
61374,2123,1290,3139678.399315536,2837
58091,2566,1595,3141621.392809743,3567
54419,2844,1815,3144204.645517403,4177
51894,1962,1686,3147167.4432658926,4569
51178,1337,934,3148687.2410143786,3252
50073,1343,883,3149280.6196805094,2264
48955,1384,889,3149796.9880567524,2236
47998,1281,826,3150378.5361524983,2289
47153,1212,781,3150801.2415297865,2105
46504,1165,755,3150996.806780697,1998
46430,697,656,3151119.6155325025,1864
47067,327,303,3150694.045664141,1177
48071,131,123,3149565.724163933,550
49220,53,54,3148066.8669018312,216
50358,49,36,3146468.1815229114,100
51478,53,27,3144870.884592533,98
52549,59,25,3143330.6017083684,70
53562,49,28,3141859.318824204,81
54701,43,27,3140276.598819331,66
55680,70,52,3138797.4848033837,76
56555,70,63,3137474.7869547145,100
57974,43,35,3135679.6081802975,86
58915,12,13,3134368.8006703365,47
59928,18,7,3132941.3644248336,25
60853,31,24,3131577.3749804734,58
61767,55,26,3130239.6522069685,60
62800,60,29,3128803.4680994526,80
63437,88,59,3127727.470654814,126
64179,143,69,3126539.4732101783,158
65080,107,87,3125291.839353526,206
65897,78,61,3124165.5790947736,172
66717,126,78,3122929.7778883325,131
67419,158,93,3121833.2666724552,229
67974,222,121,3120849.3058443773,267
68543,292,191,3119809.5555282645,358
68813,413,241,3119045.442806752,525
68942,425,312,3118519.465247401,710
69570,272,210,3117837.208360753,644
70361,177,140,3116914.0154151632,425
71183,87,102,3115924.6220914274,273
71966,87,47,3114916.225616497,187
72719,151,82,3113783.829141568,142
73375,194,101,3112801.1154366313,253
73386,399,277,3112145.52728935,530
73536,476,265,3111679.704460771,642
73179,739,385,3111406.9364981316,872
72268,1131,585,3111489.012274072,1189
70550,1530,887,3112276.0763529767,1904
70355,854,673,3113137.9697422357,2084
68999,1417,753,3113637.6617072225,1658
67229,1861,1061,3114446.035203812,2184
63216,2785,1599,3116799.2868495327,3346
58929,3308,2066,3119899.430711679,4311
53804,3690,2243,3124281.9578202735,5342
48516,3802,2512,3129005.4849288664,5990
44998,2726,2192,3133747.553366789,6151
44467,1461,1059,3136506.0717204567,4221
43611,1315,931,3137473.9522364587,2458
43048,1172,779,3138173.1776173934,2221
42838,993,704,3138484.033176622,1842
43250,895,606,3138119.6813669642,1717
43359,788,517,3138061.6749345902,1445
43701,572,488,3137825.46171654,1274
45070,250,198,3136930.7562577464,828
46285,107,98,3135827.397413498,386
47580,41,55,3134510.155893461,176
48687,36,30,3133308.3672051565,87
49922,27,16,3131971.5785168516,70
51284,32,19,3130481.2498388533,66
52353,54,41,3129248.7470886903,80
53552,48,36,3127943.924061961,75
54687,66,41,3126670.423032127,78
55855,74,39,3125382.2686218256,108
56880,81,56,3124220.4850944746,101
57859,28,25,3123213.2246827586,84
59110,16,10,3121878.068626271,46
60448,32,22,3120401.10617725,49
61365,45,23,3119360.26430477,68
62246,79,34,3118324.422432291,82
63348,80,45,3117101.7436319618,115
63841,159,111,3116355.0968427933,204
64769,204,132,3115253.309879033,298
65806,131,83,3114230.7390724984,313
66555,170,106,3113312.7663172013,238
67181,270,135,3112451.1523926463,290
67416,317,203,3111994.916217682,375
67761,450,258,3111356.1400743965,544
67733,668,379,3110939.562851638,804
67637,717,448,3110812.5053889635,1121
68172,398,333,3110606.509490302,1012
68821,244,213,3110127.0516075664,665
69646,164,118,3109372.5937248305,417
70439,144,78,3108535.582001392,266
71092,222,114,3107664.6045978987,235
71453,293,159,3107083.899841634,375
71836,498,290,3106261.2838167152,577
72186,468,271,3105856.8083995134,710
72126,686,381,3105485.4346525054,805
71553,1016,573,3105433.110946238,1171
69895,1561,840,3106175.8603764367,1782
69537,854,695,3107282.6098066345,2145
68587,1229,712,3107737.359236833,1556
67005,1660,941,3108556.1086670314,2022
63887,2328,1314,3110529.8580972566,2922
60101,3010,1799,3113045.607527455,3768
55696,3368,2158,3116630.3569576535,4878
51873,3666,2304,3119906.106387852,5499
47552,3218,2413,3124462.85581805,5998
46935,1523,1268,3127816.6052482487,4799
45664,1554,1028,3129193.354678447,2810
44753,1398,938,3130247.1041086456,2538
44401,1151,815,3130865.8535388433,2205
44093,1060,749,3131227.602969042,1875
43921,959,709,3131437.3523992402,1728
43982,797,573,3131571.101829439,1667
45025,304,278,3131212.8512596376,1138
46295,119,123,3130179.6006898354,501
47684,62,62,3128805.350120034,206
49014,42,37,3127417.0995502323,121
50295,49,27,3126035.848980431,79
51542,43,27,3124691.5984106287,75
52724,31,22,3123423.3478408274,59
54051,24,18,3122004.097271026,44
55382,45,32,3120534.8467012243,82
56626,58,37,3119169.596131423,77
57211,84,58,3118434.345561621,156
58435,56,33,3117160.0949918195,123
60212,25,11,3115332.8444220177,46
61299,35,20,3114123.5938522164,57
62146,83,33,3113112.343282414,90
63375,140,91,3111665.092712613,164
64299,160,82,3110626.8421428115,243
65119,196,97,3109652.5915730097,254
65889,278,145,3108649.341003208,319
66917,155,116,3107670.090433406,378
67620,246,134,3106754.839863605,279
68255,332,195,3105869.589293803,373
68478,482,263,3105325.3387240013,582
68354,709,409,3104973.0881542,835
67898,999,566,3104878.837584398,1182
66643,1368,793,3105434.587014597,1715
66771,716,596,3106052.3364447947,1865
67242,463,335,3105992.0858749934,1160
68066,268,184,3105410.8353051916,721
71619,153,90,3101963.5847353903,291
72404,244,117,3100957.334165588,288
72945,352,193,3100129.0835957867,392
72752,546,300,3099917.8330259854,613
72927,479,299,3099707.5824561836,824
72676,825,435,3099373.3318863823,901
71839,1151,615,3099601.08131658,1387
70046,1668,961,3100427.8307467788,1955
70046,1668,961,3100427.8307467788,1955
50990,40,40,2404251.273739775,99
52983,181,98,2412778.442990163,218
55407,317,172,2420866.7493881956,348
56349,493,278,2430366.0767513537,518
56752,780,438,2440244.3482755935,845
56434,1165,670,2450677.194808507,1273
56599,1353,769,2460962.273932103,1497
57707,827,644,2471250.0006880783,1943
57427,1212,684,2481853.7298832713,1484
56065,1750,1019,2493104.6979155927,2084
53322,2616,1501,2505262.9196547596,3051
49582,3241,1919,2518743.4900204996,4329
45352,3701,2168,2533048.060386175,5287
41065,3720,2380,2547910.5805311757,5821
39859,1854,1656,2562516.1142834895,5548
40507,875,816,2574518.1729731434,3043
41713,413,390,2585040.0311653884,1464
43254,195,176,2594789.4708738513,692
44804,221,146,2604118.014563104,393
46146,266,137,2613628.6777637606,360
47401,301,171,2623218.268003241,407
48823,200,160,2632829.9971683198,440
49985,188,126,2642670.9950113026,315
51163,225,151,2652388.6326130666,322
52279,305,162,2662186.399116587,408
53588,212,161,2671976.1656200425,454
54909,170,94,2681808.216607379,344
56023,242,136,2691631.7901555197,276
56902,374,212,2701612.696998381,465
57531,525,337,2711783.825298408,649
55990,708,401,2724152.4704613825,936
55903,940,590,2734891.5785551807,1207
55441,1161,674,2746111.9890732868,1556
55417,873,658,2757482.5019988553,2002
55590,894,502,2768478.7049058955,1422
54893,1223,718,2779615.0476985225,1562
53662,1506,933,2791332.390494081,2115
52140,1769,1121,2803304.6677353843,2544
50760,2056,1269,2815148.265442726,2964
48488,2225,1459,2827869.8141816068,3433
47659,1320,1102,2840746.091838812,3622
48365,647,555,2851957.939109043,2061
49456,319,277,2862117.321754177,1071
50791,174,114,2871659.4945912664,538
52032,216,105,2880861.407266163,275
53294,164,124,2890054.9327051677,242
54510,184,104,2899118.8004479613,283
55650,118,138,2908268.705522665,301
56554,183,129,2917364.9533715392,280
57600,244,152,2926291.201220413,331
58437,337,202,2935135.318112159,399
59286,257,173,2944200.371108765,511
60394,214,125,2952782.596729216,383
62054,188,120,2960684.2132241777,254
62815,291,127,2969182.381093085,352
63482,344,197,2977642.652686901,438
61943,764,488,2987607.6528582526,997
61867,982,540,2996382.0044670305,1192
60941,1268,749,3005716.810322803,1578
60679,872,719,3015089.6668595383,1975
60466,936,555,3024072.2517805467,1475
59937,1136,613,3032743.0381582063,1542
58911,1382,854,3041681.824535816,1823
57235,1746,1052,3050943.516659488,2352
55143,1994,1227,3060725.657793946,2876
52846,2193,1398,3070562.500659851,3240
51565,1361,1201,3080697.421464242,3547
51935,607,615,3089338.388453292,2259
52651,351,306,3096722.513840691,1096
55138,152,153,3102018.5783347636,540
56070,174,82,3108379.333220893,306
56985,180,101,3114629.468602009,240
57821,218,127,3120680.2779,290
56823,136,98,3128737.4575490407,272
57780,124,82,3134464.746172084,245
58707,159,91,3140150.034795167,210
59582,365,214,3145355.136333388,513
60056,326,235,3151259.329197084,616
60899,209,153,3156779.7036923775,500
61460,272,180,3162192.522809367,387
62229,361,208,3167228.5137850596,500
62323,433,267,3172775.8695659125,674
62383,569,277,3178253.082901789,723
63007,790,467,3182705.182858567,1051
62555,954,546,3188362.664521906,1272
61900,594,424,3194707.7161646634,1346
62057,562,355,3199859.7678074515,908
61805,688,395,3204890.7229607166,938
61509,893,563,3209748.9337996263,1207
60687,1123,672,3214956.4567247164,1527
59536,1337,730,3220504.034271562,1864
58142,1461,927,3226085.17093493,2059
57217,1040,843,3231923.322699885,2412
58599,458,406,3235856.1190679753,1405
59010,235,205,3240023.052561275,748
60647,123,104,3242686.554601029,369
61472,166,112,3245716.477334342,246
62066,213,118,3248952.731012967,299
62954,177,102,3251780.850496545,236
63637,176,134,3254730.9699801016,298
64263,182,85,3257595.425524683,275
64729,201,115,3260508.949267904,262
65243,233,135,3263200.455895728,325
65687,215,163,3265945.591411906,401
66370,112,88,3268512.3329565017,340
66187,254,135,3271482.5290223258,363
66487,380,201,3273881.092147435,506
65944,519,298,3276948.762609653,655
65489,709,412,3279814.0334092523,919
64380,916,521,3283159.8333828147,1299
62956,1171,749,3286643.8013513787,1608
61672,1070,823,3290307.38595028,2156
61449,782,497,3293496.970549167,1594
60653,960,585,3296211.064920063,1348
59662,1104,648,3299155.0892583705,1589
58639,1160,725,3302075.514900796,1767
57497,1276,720,3305081.634093351,1879
56198,1283,799,3308176.3805013625,1993
55420,937,759,3311138.249662233,2065
55723,440,415,3313414.3063298464,1458
56201,228,185,3315006.58057316,758
56758,110,99,3316252.9369945507,371
57483,90,58,3317055.2714350005,188
58187,91,54,3317819.917104536,153
59074,90,52,3318247.9668562687,128
59726,116,65,3318869.0166080086,148
57922,101,58,3321885.311445167,195
58659,97,75,3322300.7316223714,158
59744,192,125,3322144.9498102493,273
60200,188,141,3322703.395527511,278
60827,98,96,3323174.358080421,291
61261,125,86,3323618.1350123584,208
61734,209,137,3323866.1731052096,294
63006,337,216,3327153.2238677507,484
63006,337,216,3327153.2238677507,484
63006,337,216,3327153.2238677507,484
63006,337,216,3327153.2238677507,484
63006,337,216,3327153.2238677507,484
63006,337,216,3327153.2238677507,484
63006,337,216,3327153.2238677507,484
63006,337,216,3327153.2238677507,484
62118,560,340,3328055.9903570865,769
62009,633,412,3328341.547714218,881
61741,708,431,3328794.2438595253,1078
61484,609,492,3329312.832732487,1161
61928,309,256,3329604.0814696006,963
62659,151,146,3329272.260335309,483
63499,91,80,3328681.6846001027,261
64377,79,58,3327882.011935515,150
65177,96,48,3327119.3392709275,145
65855,146,88,3326321.2689458816,136
66584,169,112,3325508.3032279187,231
67691,121,55,3324413.2127791913,179
68505,135,87,3323440.5124847894,183
69298,167,99,3322451.024848248,228
69909,178,95,3321650.14845432,210
70816,98,76,3320633.8523212094,226
71607,138,80,3319551.271136642,184
72466,176,93,3318380.656355895,233
73255,252,158,3317143.4930174015,279
73831,360,213,3316094.8945590276,435
74129,527,312,3315169.1845351676,611
74150,790,472,3314363.4745113105,899
73776,834,584,3314176.663205051,1411
74154,669,433,3313703.4419644885,1246
73638,944,626,3313309.2465422587,1270
72416,1507,835,3313303.5495536695,1762
70590,1994,1157,3313844.2520620795,2476
67537,2726,1597,3315230.114793989,3390
66584,3103,1776,3315119.9972792817,3922
62836,2976,2110,3318131.455200374,5079
62446,1503,1250,3320319.7997092195,4392
62882,770,696,3320611.8882881845,2453
63973,415,365,3319647.976867146,1306
62945,326,224,3320322.731572485,631
63993,408,262,3318571.4862778154,564
64920,522,301,3316892.302568359,706
65506,670,378,3315478.758868751,860
66491,513,321,3314095.9187910603,904
67677,924,548,3311655.1121552135,1139
67601,1199,733,3310649.897755751,1601
66756,1542,889,3310369.863652153,2026
67461,787,564,3310117.2871624506,2070
66987,1048,627,3309636.1722575785,1529
66071,1549,895,3309151.476143031,2074
64434,1918,1213,3309465.8718944853,2523
63109,2101,1225,3309960.2676459393,2985
59468,2780,1659,3311848.0904003307,3871
56483,2944,1821,3313866.699463274,4487
53994,2474,1858,3316144.3366253353,4796
54226,1364,990,3317244.861655154,3660
53727,1483,931,3317035.1194199086,2420
53114,1462,973,3316976.263071982,2443
52550,1545,959,3316817.947634363,2412
52057,1525,972,3316661.4125638553,2480
51646,1428,957,3316526.330118805,2446
51429,1253,913,3316299.818981095,2291
52601,555,488,3315587.775723637,1814
54066,276,255,3313965.991174111,891
55800,156,101,3311837.206624589,465
57003,118,56,3310042.437993113,272
59268,97,69,3307110.0826869393,151
60899,119,77,3304768.668288308,169
62296,190,107,3302588.444880855,221
63092,67,38,3301298.1909100986,135
64693,61,46,3299005.802056767,97
66059,101,54,3296899.514708826,129
67637,118,63,3294598.663064762,141
69030,58,54,3292576.158909034,160
70378,81,40,3290514.59554385,107
71702,117,59,3288430.720111922,118
73016,156,83,3286341.3897521193,172
73929,216,131,3284608.0593923125,246
74840,289,171,3282864.99631955,362
75026,511,280,3281627.8921056036,543
75794,557,381,3279987.4039158546,756
76503,367,238,3278883.5189884845,840
76811,530,305,3277613.601210972,701
76784,842,473,3276424.9287109105,915
75924,1299,712,3275850.576874769,1436
74004,1856,1061,3276121.1099424856,2193
71025,2562,1484,3277226.319576816,3094
66792,3109,1967,3279678.051353025,4337
65833,1654,1349,3281958.783129229,4339
65737,881,798,3282619.7416124847,2678
66927,444,396,3281509.6652379213,1336
67775,371,206,3280159.169390608,759
68217,496,297,3278734.27800574,626
68502,627,377,3277466.3233570773,822
67641,978,567,3277011.6101026307,1251
67712,771,480,3276456.192181845,1436
67151,1036,603,3275846.650198545,1399
66100,1320,822,3275609.7645347845,1726
64163,1798,1082,3276018.3869633037,2371
63600,1085,870,3276715.0323573966,2703
63165,1187,734,3276385.8385119773,1779
61987,1481,854,3276351.644666558,2022
60371,1762,1019,3276716.1363028423,2438
58368,2036,1254,3277404.250194054,2797
56053,2289,1405,3278503.505505768,3351
53411,2357,1484,3280185.0773176304,3764
50868,2360,1553,3281838.194192736,3864
50912,1039,857,3282990.374109542,3298
50604,1083,716,3282571.450436019,1841
50319,1099,675,3282053.3886420513,1770
50076,1058,708,3281474.5223078006,1697
49822,1051,689,3280919.3689870825,1752
49652,986,640,3280367.6578799225,1711
49589,925,629,3279660.5632167454,1623
50465,414,346,3278736.4685535734,1346
52888,187,148,3275890.2194033097,534
54165,71,76,3273952.3335819733,272
55431,39,29,3271911.585618845,140
56631,48,33,3269843.058823348,61
57868,44,30,3267753.909935302,92
58993,38,24,3265778.892349948,70
60191,28,19,3263731.440424964,66
61492,46,33,3261530.082234049,76
62579,44,29,3259579.4251600453,50
63549,53,44,3257710.8765475755,79
64851,24,25,3255582.1144501125,60
66009,25,18,3253549.58825798,50
67052,43,20,3251606.0620658426,66
67990,74,39,3249732.784879392,64
69024,68,52,3247805.7445798595,115
69908,123,70,3245959.275045572,130
70761,184,79,3244145.246768206,208
71684,141,84,3242366.9278099653,179
72767,76,78,3240459.43768463,201
73547,136,82,3238718.6122263633,151
74107,199,116,3237162.18638293,260
74976,202,122,3235384.197348525,222
75470,310,183,3233818.3619165416,377
75636,442,237,3232563.5264845532,486
75504,614,342,3231512.8333390527,740
75798,385,312,3230572.114448386,858
76348,264,195,3229352.4697042643,644
77085,182,135,3227849.393484785,419
77816,118,89,3226319.1400657794,275
78288,229,130,3224785.2326470446,266
79385,338,165,3222633.713477024,322
79163,559,332,3221556.5009888913,619
79037,514,338,3220810.0589917866,932
79589,646,310,3219242.0675641326,696
78733,981,548,3218613.0456638476,1076
76894,1581,931,3218556.8014262174,1693
75499,1283,976,3219292.557188593,2575
74244,1424,826,3219644.491899453,2153
72878,1952,1054,3219342.4367394787,2168
69456,2646,1533,3220679.608639119,3259
62493,3686,2205,3225018.8474754156,4811
56559,4112,2563,3229257.2745531998,6126
50631,4266,2779,3233903.8280618284,6684
45457,3926,2635,3238650.523794251,6905
44263,1766,1565,3242163.412651601,5747
43386,1476,1044,3242940.390515229,3002
42741,1267,888,3243039.63539767,2390
42462,1065,692,3242805.9088690435,2012
42512,799,518,3242285.5304526463,1679
42865,672,440,3241227.1520362548,1281
42543,625,421,3240705.131969486,1263
44133,233,241,3238777.1509306254,858
45355,110,108,3236901.4741006456,407
46571,57,31,3234905.9111156994,190
47965,20,17,3232653.590999139,73
49087,21,18,3230620.4667441705,60
50249,27,20,3228541.516817514,36
51284,36,27,3226581.8519689115,54
53030,32,21,3223937.285708722,70
54089,43,25,3221955.100942854,58
55156,51,31,3219965.9318256928,67
56302,67,39,3217888.2478186265,100
57766,30,20,3215572.563811555,49
58893,28,17,3213543.3173471307,44
60004,25,15,3211530.1438064743,37
60998,27,13,3209629.295595062,40
62059,74,37,3207590.5983534264,74
62944,79,31,3205800.1205427144,91
63736,102,55,3204054.8544636057,126
64549,126,92,3202274.7176343924,161
65375,85,65,3200610.837581654,215
66213,101,57,3198859.012314836,166
67140,102,66,3197016.473152299,145
67234,263,156,3195765.933989762,346
67348,450,237,3194478.6866199537,519
67284,634,377,3193313.4432111387,754
67337,728,404,3192234.403429079,948
67382,526,427,3191463.410637816,1096
67906,307,255,3190425.549024397,863
68631,152,137,3189068.7617145204,507
69387,93,81,3187523.0488504907,255
70416,117,56,3185590.4218855267,186
71098,175,97,3183904.828351671,162
71349,265,143,3182613.316595444,310
71775,276,172,3181242.8129726467,432
72021,390,203,3179947.3712889967,492
71971,576,332,3178777.9296053527,647
71440,807,492,3178013.511410621,1044
70910,729,574,3177635.09466308,1385
71480,553,351,3176559.799465689,971
70364,981,528,3176166.541016012,1129
68974,1348,833,3175980.879671867,1630
66897,1828,1037,3176470.6268736036,2369
63536,2333,1388,3178073.2265808936,2968
59638,2913,1726,3180152.0052852146,3863
55218,3270,2056,3182984.5346791563,4719
52921,2031,1561,3186117.3707375466,5149
51650,1687,1136,3187259.4984534816,3173
50069,1613,1074,3188082.417717421,2763
48620,1603,1043,3188678.3369813547,2650
47315,1538,995,3189206.8407113706,2597
46388,1352,918,3189507.8690320263,2452
45525,1277,835,3189644.3342059404,2249
46162,624,569,3189043.497434797,1860
47028,304,270,3187917.5926879477,1019
48094,124,143,3186282.916676483,465
49227,69,61,3184414.310644094,226
50337,56,33,3182477.8212434896,121
50443,48,25,3181522.1825607615,77
51799,50,23,3179307.9056224944,66
52910,24,30,3177357.902924773,80
54035,33,17,3175388.864300317,52
55077,37,21,3173490.8256758563,51
56186,24,15,3171562.3917635134,48
57935,44,37,3168934.617304048,98
58955,36,14,3167117.1344793276,61
60020,37,24,3165216.5792712853,51
61137,39,20,3163283.527251544,57
61796,90,52,3161729.863319648,113
62602,102,79,3160077.6567433765,150
63489,164,95,3158314.4853474493,196
63996,244,138,3156888.516107119,297
64677,182,133,3155490.4385070573,383
65199,195,117,3154187.360906995,352
65686,280,164,3152798.715950967,327
65933,382,230,3151614.3334066533,535
66153,527,292,3150430.3108314485,662
65592,761,416,3149879.224602505,957
65075,936,534,3149359.2163007306,1213
64743,694,562,3149167.027647049,1526
64461,459,406,3149109.4255113066,1361
65046,275,211,3148181.735692751,785
65803,159,108,3146926.931615562,443
66401,180,105,3145606.3418917833,271
66994,229,137,3144229.727765624,335
68618,319,164,3141801.8393964902,379
69054,281,225,3140655.9510273603,492
69385,355,195,3139611.221359349,475
68681,520,298,3139378.6356047485,567
67285,871,500,3139567.48093266,1056
66607,895,628,3139443.7990522264,1485
68931,500,320,3137184.529270873,1106
67082,911,538,3137774.2133767526,1120
66137,1151,686,3137708.898599601,1479
64118,1583,923,3138447.8542130073,2074
61623,2130,1237,3139475.399315536,2724
58448,2444,1475,3141506.392809743,3562
55109,2692,1670,3143811.645517403,4036
53026,1750,1505,3146428.4432658926,4402
52267,1343,820,3147706.2410143786,2901
51070,1363,840,3148306.6196805094,2252
49991,1359,886,3148788.9880567524,2198
48846,1400,956,3149281.5361524983,2203
47821,1346,882,3149898.2415297865,2417
46904,1265,804,3150447.806780697,2247
46747,764,609,3150782.6155325025,2000
47562,344,292,3150193.045664141,1163
48584,135,129,3149042.724163933,545
49773,76,55,3147489.8669018312,229
50860,70,35,3145946.1815229114,110
51494,42,39,3144853.884592533,89
52641,48,24,3143250.6017083684,85
53656,38,29,3141775.318824204,69
54733,47,29,3140238.598819331,61
55962,45,32,3138560.4848033837,68
57051,57,32,3137022.7869547145,74
57912,34,22,3135763.6081802975,76
58802,18,15,3134473.8006703365,41
59846,24,21,3133003.3644248336,35
60731,48,23,3131683.3749804734,54
61856,39,24,3130168.6522069685,55
62732,72,43,3128845.4680994526,86
63294,110,49,3127858.470654814,147
64646,130,69,3126085.4732101783,197
65542,91,68,3124864.839353526,193
65847,120,65,3124169.5790947736,171
66627,170,96,3122957.7778883325,184
67217,231,126,3121929.2666724552,302
67784,281,180,3120921.3058443773,388
68199,380,231,3120025.5555282645,510
68239,558,300,3119415.442806752,652
68773,474,374,3118577.465247401,859
69346,305,209,3118029.208360753,743
69933,195,156,3117308.0154151632,476
71611,76,65,3115544.6220914274,186
72475,83,46,3114412.225616497,129
73154,118,60,3113403.829141568,143
73805,153,81,3112432.1154366313,189
73882,258,163,3111904.52728935,334
73657,430,247,3111622.704460771,599
73358,716,364,3111271.9364981316,791
72619,1023,569,3111262.012274072,1141
71199,1403,804,3111837.0763529767,1752
70945,830,608,3112636.9697422357,1901
69247,1294,732,3113533.6617072225,1636
67299,1754,1053,3114491.035203812,2201
64318,2336,1379,3116366.2868495327,3086
58751,3253,2018,3120180.430711679,4383
53472,3844,2417,3124285.9578202735,5528
48357,3728,2483,3129267.4849288664,6298
44880,2596,2165,3134022.553366789,6105
44350,1421,1057,3136665.0717204567,4046
43356,1313,932,3137729.9522364587,2436
42806,1196,751,3138419.1776173934,2199
42716,922,668,3138713.033176622,1793
42920,794,599,3138557.6813669642,1623
43292,708,462,3138263.6749345902,1400
43878,500,400,3137808.46171654,1075
44656,257,229,3137306.7562577464,922
45836,117,107,3136257.397413498,421
47081,53,58,3134994.155893461,203
48391,46,35,3133589.3672051565,93
49600,56,34,3132246.5785168516,79
51205,22,9,3130580.2498388533,49
52604,28,22,3129042.7470886903,53
53256,29,29,3128265.924061961,64
54458,40,21,3126945.423032127,71
55766,77,37,3125470.2686218256,122
56727,58,38,3124414.4850944746,87
57873,20,20,3123212.2246827586,63
58984,25,29,3121976.068626271,41
60233,20,5,3120645.10617725,32
61268,50,27,3119448.26430477,61
62172,60,39,3118412.422432291,80
63029,83,50,3117412.7436319618,128
64025,147,104,3116190.0968427933,199
64771,158,119,3115310.309879033,246
65681,107,73,3114389.7390724984,239
66425,169,102,3113447.7663172013,218
67103,235,122,3112577.1523926463,304
67559,341,221,3111809.916217682,422
67937,487,269,3111132.1400743965,615
67838,685,382,3110814.562851638,817
67525,775,543,3110771.5053889635,1135
67941,440,345,3110783.509490302,1176
68625,256,228,3110296.0516075664,692
69411,162,135,3109592.5937248305,444
70183,147,89,3108777.582001392,258
70901,221,122,3107848.6045978987,260
72155,282,146,3106405.899841634,344
71665,439,236,3106545.2838167152,523
72061,398,248,3106074.8083995134,619
71839,715,382,3105742.4346525054,774
70952,1135,609,3105879.110946238,1217
69436,1543,930,3106562.8603764367,1860
69264,918,702,3107484.6098066345,2231
68383,1273,712,3107897.359236833,1646
66681,1708,989,3108784.1086670314,2111
64462,2238,1255,3110103.8580972566,2687
61010,2807,1654,3112484.607527455,3669
56617,3383,2039,3115813.3569576535,4605
53227,3335,2135,3119052.106387852,5179
49272,3014,2129,3123230.85581805,5514
48832,1418,1157,3126135.6052482487,4317
47706,1493,965,3127275.354678447,2635
46829,1406,888,3128213.1041086456,2402
46226,1207,841,3128958.8535388433,2240
45625,1214,814,3129476.602969042,2002
45100,1205,815,3129906.3523992402,1989
43885,867,591,3131580.101829439,1627
44862,337,341,3131279.8512596376,1208
46349,126,147,3130094.6006898354,486
47594,57,58,3128904.350120034,248
48909,38,21,3127542.0995502323,100
50080,39,34,3126253.848980431,54
51424,32,19,3124828.5984106287,80
52716,43,17,3123424.3478408274,54
53922,37,19,3122119.097271026,46
55156,69,39,3120729.8467012243,99
56295,87,46,3119462.596131423,114
57547,56,33,3118151.345561621,82
58791,26,25,3116842.0949918195,74
59995,19,23,3115543.8444220177,54
61091,53,28,3114305.5938522164,78
62533,100,55,3112686.343282414,129
63424,133,77,3111637.092712613,177
64401,167,92,3110507.8421428115,219
65201,233,127,3109503.5915730097,297
65869,312,168,3108612.341003208,385
66963,145,133,3107617.090433406,353
67648,244,147,3106715.839863605,306
68174,374,185,3105918.589293803,408
68401,524,263,3105360.3387240013,595
68542,629,376,3104898.0881542,820
68091,967,580,3104703.837584398,1052
66954,1396,799,3105089.587014597,1632
69148,483,359,3104145.3364447947,1220
69869,299,224,3103640.0858749934,742
70714,183,143,3102888.8353051916,472
71465,150,96,3102114.5847353903,309
72096,230,131,3101265.334165588,281
72562,353,181,3100523.0835957867,417
72672,531,311,3100001.8330259854,592
72965,504,292,3099651.5824561836,805
72689,791,446,3099383.3318863823,889
71813,1189,637,3099567.08131658,1370
70253,1695,880,3100274.8307467788,1977
70253,1695,880,3100274.8307467788,1977
52838,148,80,2402255.273739775,231
54791,228,106,2410915.442990163,243
54389,250,156,2421967.7493881956,300
56306,442,262,2430476.0767513537,556
56855,702,401,2440256.3482755935,773
56551,1116,624,2450655.194808507,1257
56760,1315,718,2460890.273932103,1550
56852,853,676,2472047.0006880783,2026
57374,1220,636,2481946.7298832713,1539
56030,1770,1036,2493102.6979155927,2026
53579,2438,1421,2505263.9196547596,3105
49907,3090,1835,2518653.4900204996,4196
45941,3487,2053,2532788.060386175,5114
41563,3635,2414,2547463.5805311757,5576
40371,1858,1659,2561997.1142834895,5543
40994,843,752,2574127.1729731434,3064
42261,416,349,2584530.0311653884,1389
43852,201,186,2594175.4708738513,654
45024,281,177,2603807.014563104,399
46250,282,190,2613455.6777637606,426
47470,294,205,2623122.268003241,503
48666,172,134,2633040.9971683198,412
49679,233,127,2642930.9950113026,382
50765,256,160,2652746.6326130666,363
51838,287,175,2662632.399116587,455
53145,207,154,2672431.1656200425,471
54403,191,113,2682274.216607379,324
55584,219,139,2692090.7901555197,316
56709,396,220,2701775.696998381,486
55631,557,349,2713639.825298408,702
55843,747,417,2724244.4704613825,980
55907,968,559,2734890.5785551807,1273
55514,1121,632,2746120.9890732868,1544
55450,782,685,2757513.5019988553,1898
55594,864,535,2768471.7049058955,1360
55197,1092,681,2779479.0476985225,1430
54201,1449,879,2790904.390494081,1920
52657,1768,1088,2802821.6677353843,2491
50665,2012,1223,2815333.265442726,3027
48465,2228,1423,2827925.8141816068,3278
47718,1308,1113,2840688.091838812,3524
48382,608,558,2851976.939109043,2107
49529,298,243,2862099.321754177,1021
50745,189,137,2871667.4945912664,469
52025,204,138,2880847.407266163,318
53212,229,123,2890072.9327051677,313
54420,222,127,2899147.8004479613,300
55526,148,119,2908381.705522665,334
56845,143,79,2917163.9533715392,275
57552,224,132,2926379.201220413,331
58489,301,171,2935150.318112159,356
59860,173,140,2943743.371108765,363
60992,150,92,2952281.596729216,283
61846,238,131,2960831.2132241777,284
62568,330,168,2969349.381093085,407
63276,357,236,2977796.652686901,508
62241,733,394,2987434.6528582526,945
62133,873,543,2996222.0044670305,1144
61421,1165,683,3005405.810322803,1509
61130,793,683,3014753.6668595383,1863
61155,791,531,3023552.2517805467,1341
60446,1086,615,3032282.0381582063,1460
59560,1330,826,3041112.824535816,1755
58134,1586,967,3050289.516659488,2261
56429,1816,1160,3059684.657793946,2604
54052,2110,1307,3069530.500659851,3076
52907,1356,1167,3079394.421464242,3293
53241,700,589,3087965.388453292,2204
54080,332,287,3095331.513840691,1106
52929,164,147,3104221.5783347636,528
53949,134,97,3110525.333220893,292
54971,145,107,3116672.468602009,222
55936,162,103,3122645.2779,264
56816,145,112,3128721.4575490407,283
57759,164,100,3134427.746172084,255
58627,198,115,3140167.034795167,268
59769,336,210,3145201.136333388,460
60278,323,265,3151010.329197084,601
61037,229,165,3156609.7036923775,507
61688,315,178,3161923.522809367,421
62183,374,179,3167290.5137850596,488
62326,469,285,3172718.8695659125,600
62373,609,361,3178139.082901789,790
62937,820,467,3182745.182858567,1098
62301,1050,624,3188442.664521906,1321
62335,668,562,3194060.7161646634,1528
62360,586,359,3199528.7678074515,1120
61859,743,445,3204731.7229607166,937
61658,869,546,3209640.9337996263,1216
60872,1056,626,3214884.4567247164,1499
59929,1200,750,3220228.034271562,1706
58476,1410,901,3225828.17093493,2033
57605,1028,799,3231591.322699885,2319
57575,511,472,3236761.1190679753,1640
59212,253,202,3239806.052561275,757
59935,134,101,3243390.554601029,382
61426,162,78,3245800.477334342,219
62113,180,94,3248962.731012967,249
62659,227,144,3251983.850496545,347
63627,161,105,3254784.9699801016,305
64179,184,128,3257634.425524683,278
64579,251,187,3260536.949267904,348
64771,387,224,3263429.455895728,486
64945,363,280,3266422.591411906,662
65489,229,171,3269193.3329565017,568
66217,285,181,3271375.5290223258,360
65869,410,234,3274436.092147435,542
66118,488,274,3276829.762609653,608
65102,779,473,3280070.0334092523,977
64185,953,587,3283251.8333828147,1307
63195,1167,714,3286443.8013513787,1584
61685,999,820,3290368.38595028,2137
61377,824,559,3293464.970549167,1583
60400,1016,646,3296347.064920063,1451
59689,1074,644,3299162.0892583705,1618
58406,1281,794,3302118.514900796,1748
56243,1444,943,3305944.634093351,2257
54609,1559,973,3309315.3805013625,2444
53440,1181,933,3312700.249662233,2464
53607,542,497,3315346.3063298464,1816
54108,265,246,3317001.58057316,889
56920,110,85,3316104.9369945507,367
57708,86,50,3316842.2714350005,171
58394,80,50,3317627.917104536,137
56811,136,79,3320437.9668562687,219
57358,124,93,3321201.0166080086,201
59050,64,45,3320807.311445167,118
59312,137,108,3321574.7316223714,190
59808,170,113,3322114.9498102493,266
60135,156,128,3322813.395527511,289
60832,88,65,3323210.358080421,306
61400,111,71,3323508.1350123584,154
61626,233,103,3323984.1731052096,321
63492,389,244,3326587.2238677507,536
63492,389,244,3326587.2238677507,536
63492,389,244,3326587.2238677507,536
63492,389,244,3326587.2238677507,536
63492,389,244,3326587.2238677507,536
63492,389,244,3326587.2238677507,536
63492,389,244,3326587.2238677507,536
63492,389,244,3326587.2238677507,536
62221,525,293,3328034.9903570865,747
61869,657,403,3328466.547714218,931
61300,824,517,3329033.2438595253,1112
60810,776,502,3329809.832732487,1346
61103,392,344,3330258.0814696006,1060
61722,200,181,3330125.260335309,652
62600,108,87,3329556.6846001027,340
63409,85,60,3328842.011935515,177
64159,123,71,3328087.3392709275,161
65560,105,77,3326668.2689458816,139
66664,169,102,3325438.3032279187,242
67335,159,89,3324697.2127791913,247
68490,117,81,3323479.5124847894,182
69355,162,76,3322422.024848248,208
70097,195,127,3321413.14845432,265
70998,127,87,3320411.8523212094,278
71674,166,89,3319447.271136642,192
72380,260,149,3318326.656355895,283
72971,370,192,3317275.4930174015,469
73374,468,266,3316390.8945590276,601
73514,663,380,3315580.1845351676,764
73943,850,463,3314519.4745113105,861
73543,866,659,3314302.663205051,1390
73726,706,433,3314094.4419644885,1396
73499,948,557,3313513.2465422587,1208
72721,1364,803,3313173.5495536695,1623
70879,1903,1119,3313684.2520620795,2354
68204,2460,1466,3314960.114793989,3211
63801,3192,1947,3317642.9972792817,4532
60185,2950,2157,3320761.455200374,5241
59870,1455,1229,3322964.7997092195,4431
60574,759,647,3322979.8882881845,2391
61751,376,320,3321953.976867146,1253
64186,302,180,3319149.731572485,627
65290,367,209,3317368.4862778154,500
66283,494,246,3315612.302568359,604
66846,631,369,3314186.758868751,799
67940,487,297,3312696.9187910603,850
67121,645,354,3312684.1121552135,866
67362,1213,717,3310890.897755751,1634
66296,1620,939,3310701.863652153,2050
66950,810,663,3310506.2871624506,2177
66999,1131,626,3309542.1722575785,1546
65900,1558,948,3309260.476143031,2025
64587,1822,1092,3309529.8718944853,2586
62331,2325,1418,3310321.2676459393,3302
59711,2829,1632,3311583.0904003307,3921
56817,2933,1829,3313535.699463274,4466
54391,2455,1910,3315714.3366253353,4791
54490,1441,1016,3316877.861655154,3759
53704,1558,999,3316915.1194199086,2510
53125,1562,982,3316856.263071982,2546
52385,1649,984,3316853.947634363,2564
51753,1600,965,3316897.4125638553,2596
51310,1449,971,3316827.330118805,2512
51118,1289,908,3316579.818981095,2378
52246,596,533,3315856.775723637,1809
53786,269,265,3314242.991174111,992
55332,140,154,3312268.206624589,453
56720,89,54,3310356.437993113,230
58444,101,53,3307946.0826869393,149
60025,103,68,3305667.668288308,147
61568,104,58,3303451.444880855,172
64010,141,90,3300254.1909100986,251
66467,74,54,3297210.802056767,103
67773,101,68,3295171.514708826,165
67435,124,78,3294779.663064762,160
68725,79,51,3292863.158909034,177
70128,86,63,3290736.59554385,124
71263,146,93,3288806.720111922,174
72829,156,87,3286524.3897521193,202
73843,216,129,3284696.0593923125,271
74706,323,181,3282954.99631955,370
75474,435,257,3281278.8921056036,510
75749,562,340,3280068.4039158546,760
76578,378,235,3278800.5189884845,781
76838,633,351,3277437.601210972,663
76532,916,526,3276549.9287109105,1040
75520,1282,767,3276216.576874769,1615
73663,1989,1153,3276237.1099424856,2214
70846,2615,1470,3277366.319576816,3156
67094,3076,1922,3279454.051353025,4286
66144,1585,1327,3281738.783129229,4335
66095,946,737,3282257.7416124847,2608
66317,509,414,3282036.6652379213,1502
67592,411,252,3280256.169390608,724
67956,546,286,3278956.27800574,698
67984,716,442,3277830.3233570773,900
67270,848,483,3277596.6101026307,1137
67577,821,499,3276522.192181845,1434
66970,1116,609,3275941.650198545,1411
66130,1348,808,3275565.7645347845,1748
64037,1882,1069,3276073.3869633037,2323
63875,990,840,3276565.0323573966,2645
63486,1102,629,3276254.8385119773,1728
62695,1264,754,3275960.644666558,1766
60460,1743,1076,3276589.1363028423,2397
58472,1988,1181,3277421.250194054,2883
56340,2088,1325,3278497.505505768,3203
54110,2118,1398,3279811.0773176304,3485
51892,2225,1352,3281150.194192736,3563
52133,934,860,3281871.374109542,2973
51821,1050,683,3281420.450436019,1810
51365,1102,663,3281016.3886420513,1747
51086,1071,653,3280506.5223078006,1755
50787,978,695,3280021.3689870825,1707
50516,945,690,3279494.6578799225,1689
50206,982,659,3278956.5632167454,1624
50992,432,379,3278158.4685535734,1428
51578,177,166,3277192.2194033097,653
54149,73,87,3273955.3335819733,280
55417,40,30,3271923.585618845,143
56613,48,33,3269861.058823348,81
57877,47,28,3267743.909935302,77
59014,66,34,3265719.892349948,82
60256,43,22,3263648.440424964,92
61378,31,23,3261669.082234049,43
62533,41,20,3259637.4251600453,61
63705,31,24,3257596.8765475755,64
64687,49,35,3255711.1144501125,114
65988,35,16,3253562.58825798,51
67131,25,13,3251552.0620658426,51
68009,49,31,3249746.784879392,44
68961,71,39,3247878.7445798595,86
69892,110,47,3246011.275045572,122
70760,124,68,3244217.246768206,153
71596,148,78,3242453.9278099653,205
72360,86,71,3240863.43768463,252
73654,117,53,3238659.6122263633,143
74439,125,73,3236947.18638293,180
75115,177,103,3235289.197348525,215
75395,317,152,3233917.3619165416,356
75683,418,243,3232534.5264845532,473
75576,602,343,3231451.8333390527,754
75847,388,299,3230533.114448386,915
76427,235,189,3229308.4697042643,618
77086,167,133,3227865.393484785,402
77825,142,79,3226296.1400657794,295
79009,180,98,3224145.2326470446,211
79332,348,191,3222650.713477024,395
79307,543,288,3221472.5009888913,601
79759,347,240,3220353.0589917866,634
79569,625,336,3219257.0675641326,693
78886,941,523,3218525.0456638476,1067
77353,1408,806,3218395.8014262174,1652
76222,1090,800,3218938.557188593,2236
75154,1273,757,3218954.491899453,1750
72605,1915,1057,3219649.4367394787,2284
69022,2714,1516,3221062.608639119,3210
64443,3541,2088,3223330.8474754156,4477
58618,4094,2546,3227233.2745531998,5842
52218,4482,2807,3232072.8280618284,6870
46429,4165,2806,3237268.523794251,7255
45109,1810,1751,3241087.412651601,6009
44038,1544,1121,3242143.390515229,3262
43334,1303,895,3242403.63539767,2544
42957,1129,702,3242236.9088690435,2149
42828,940,641,3241705.5304526463,1735
42880,777,538,3241009.1520362548,1520
43241,532,395,3240126.131969486,1086
44147,252,229,3238756.1509306254,832
45369,118,110,3236877.4741006456,419
46540,60,40,3234924.9111156994,190
47811,22,26,3232796.590999139,74
48925,29,20,3230772.4667441705,69
50076,31,24,3228706.516817514,48
51784,17,9,3226118.8519689115,34
53037,37,23,3223923.285708722,90
54159,26,14,3221913.100942854,57
55216,59,31,3219897.9318256928,68
56254,69,42,3217931.2478186265,90
57864,26,15,3215483.563811555,45
58955,16,13,3213497.3173471307,34
60014,44,24,3211492.1438064743,49
61045,39,26,3209557.295595062,45
62136,45,33,3207546.5983534264,66
62920,72,47,3205815.1205427144,93
63776,106,55,3204010.8544636057,119
64659,136,80,3202166.7176343924,163
65383,112,70,3200570.837581654,218
66116,99,59,3198956.012314836,143
66797,130,82,3197315.473152299,170
67173,322,206,3195717.933989762,369
67474,355,202,3194482.6866199537,476
67362,579,335,3193332.4432111387,738
66879,826,498,3192500.403429079,1060
66744,560,452,3192042.410637816,1313
67334,319,232,3191008.549024397,900
68349,186,153,3189300.7617145204,509
69241,104,89,3187650.0488504907,299
70176,155,78,3185770.4218855267,181
70798,173,106,3184197.828351671,263
71244,271,148,3182707.316595444,323
71667,272,176,3181350.8129726467,460
72112,383,200,3179866.3712889967,466
72108,492,284,3178772.9296053527,616
71804,699,392,3177857.511410621,860
71440,602,475,3177331.09466308,1201
71627,540,306,3176470.799465689,968
71331,730,413,3175565.541016012,931
70558,1012,616,3174949.879671867,1227
66396,1816,1011,3177009.6268736036,2231
63443,2328,1368,3178191.2265808936,3099
58509,2924,1818,3181178.0052852146,4201
54320,3240,1985,3183983.5346791563,4837
52234,1876,1641,3186879.3707375466,4972
51199,1516,1044,3187973.4984534816,3108
50067,1631,1074,3188066.417717421,2836
48571,1589,1046,3188738.3369813547,2720
47632,1338,931,3189153.8407113706,2590
46707,1324,829,3189305.8690320263,2310
46013,1188,766,3189314.3342059404,2064
46145,715,552,3188986.497434797,1809
47013,291,281,3187934.5926879477,1081
47174,140,129,3187200.916676483,495
48335,66,64,3185306.310644094,229
49291,45,33,3183534.8212434896,107
50591,36,31,3181380.1825607615,87
51757,46,40,3179336.9056224944,70
52910,26,34,3177351.902924773,70
54040,36,21,3175376.864300317,63
55116,26,17,3173466.8256758563,56
57222,34,24,3170507.3917635134,45
57901,48,40,3168961.617304048,93
59072,28,21,3167001.1344793276,77
60089,32,24,3165152.5792712853,56
61079,55,31,3163314.527251544,64
61888,92,55,3161632.863319648,112
62614,97,72,3160077.6567433765,145
63457,159,98,3158348.4853474493,190
64005,242,142,3156877.516107119,295
64513,181,178,3155610.4385070573,390
65190,218,156,3154134.360906995,339
65699,259,136,3152834.715950967,355
65890,429,240,3151600.3334066533,507
65824,582,346,3150650.3108314485,718
65572,778,411,3149887.224602505,991
64841,999,613,3149451.2163007306,1250
64190,801,622,3149553.027647049,1698
65155,368,355,3148557.4255113066,1147
65761,234,165,3147553.735692751,683
66527,130,99,3146240.931615562,360
67185,182,114,3144811.3418917833,226
67679,251,154,3143505.727765624,325
68060,349,192,3142301.8393964902,445
68344,324,230,3141317.9510273603,571
68747,346,192,3140261.221359349,542
67872,605,336,3140064.6356047485,678
67357,850,437,3139579.48093266,1039
66588,897,614,3139474.7990522264,1468
66774,610,430,3139121.529270873,1331
67118,871,499,3137817.2133767526,1184
66062,1147,675,3137798.898599601,1459
64169,1569,976,3138357.8542130073,2014
61880,2005,1160,3139420.399315536,2632
58814,2401,1479,3141179.392809743,3300
55198,2742,1703,3143639.645517403,4037
53139,1832,1462,3146276.4432658926,4226
52320,1381,842,3147593.2410143786,2951
51010,1448,860,3148261.6196805094,2325
49756,1456,896,3148916.9880567524,2341
48579,1450,938,3149516.5361524983,2332
47612,1372,874,3150089.2415297865,2316
46850,1224,863,3150483.806780697,2161
46590,805,713,3150794.6155325025,2042
47362,338,307,3150384.045664141,1316
48293,158,130,3149309.724163933,555
49401,67,75,3147850.8669018312,244
50474,73,49,3146315.1815229114,133
51404,58,41,3144925.884592533,82
52549,53,39,3143322.6017083684,81
53720,39,22,3141717.318824204,78
54886,44,24,3140093.598819331,58
55902,41,24,3138632.4848033837,70
56954,41,29,3137138.7869547145,78
57798,18,28,3135887.6081802975,59
58780,31,14,3134483.8006703365,44
59792,25,17,3133060.3644248336,48
60831,28,11,3131615.3749804734,39
61772,51,28,3130236.6522069685,64
62521,79,51,3129041.4680994526,116
63783,121,70,3127337.470654814,152
64010,254,121,3126545.4732101783,306
64764,197,124,3125480.839353526,377
66538,88,50,3123525.5790947736,127
66449,171,105,3123125.7778883325,235
67056,254,117,3122076.2666724552,305
67070,441,238,3121417.3058443773,520
68463,407,219,3119746.5555282645,433
68586,551,286,3119089.442806752,660
69311,377,310,3118200.465247401,671
70036,220,185,3117448.208360753,620
70726,122,95,3116649.0154151632,390
71481,96,73,3115646.6220914274,233
72472,92,57,3114395.225616497,143
73250,126,69,3113290.829141568,161
73855,168,105,3112343.1154366313,203
73802,277,159,3111969.52728935,319
74333,251,134,3111238.704460771,385
73435,685,368,3111221.9364981316,744
72556,1019,539,3111359.012274072,1165
71458,1308,819,3111658.0763529767,1722
71439,748,595,3112237.9697422357,1862
69894,1341,731,3112840.6617072225,1547
68470,1727,921,3113479.035203812,2066
65960,2210,1263,3114966.2868495327,2783
58773,3354,2010,3120065.430711679,4549
53507,3847,2270,3124394.9578202735,5633
48712,3691,2417,3129015.4849288664,6114
45389,2646,2162,3133466.553366789,5984
44874,1409,1114,3136096.0717204567,4094
43904,1373,900,3137153.9522364587,2604
43273,1220,848,3137831.1776173934,2192
42906,1060,799,3138254.033176622,1955
42846,776,548,3138700.6813669642,1564
43129,666,480,3138450.6749345902,1323
43736,446,368,3138036.46171654,1107
45026,191,193,3137038.7562577464,768
46286,85,66,3135880.397413498,340
47580,38,33,3134535.155893461,131
48571,28,20,3133442.3672051565,72
49852,39,25,3132020.5785168516,44
51189,23,20,3130584.2498388533,39
52006,46,29,3129615.7470886903,82
53255,44,27,3128253.924061961,64
54414,46,27,3126977.423032127,73
55671,50,33,3125596.2686218256,59
56672,45,31,3124489.4850944746,71
58070,30,18,3123007.2246827586,65
59140,46,18,3121810.068626271,44
60027,43,22,3120811.10617725,59
61079,42,23,3119649.26430477,59
62219,70,32,3118362.422432291,85
63079,118,65,3117312.7436319618,139
64022,129,89,3116226.0968427933,191
64525,195,149,3115489.309879033,300
65493,146,89,3114522.7390724984,296
66306,186,100,3113551.7663172013,249
67001,259,133,3112644.1523926463,285
67741,301,155,3111733.916217682,394
68079,459,251,3111036.1400743965,502
68096,624,345,3110654.562851638,760
68031,670,446,3110467.5053889635,1023
68634,384,324,3110167.509490302,967
69245,236,187,3109737.0516075664,661
70085,137,118,3108960.5937248305,372
70949,127,73,3108047.582001392,243
71632,207,99,3107154.6045978987,208
72131,324,162,3106371.899841634,316
72493,383,218,3105791.2838167152,452
72028,422,250,3106081.8083995134,607
72148,576,341,3105613.4346525054,742
71657,879,482,3105557.110946238,1022
70419,1385,744,3105923.8603764367,1504
70230,790,601,3106747.6098066345,1900
68579,1159,647,3107880.359236833,1617
67059,1542,914,3108647.1086670314,1910
64872,2076,1220,3109890.8580972566,2606
61621,2563,1538,3112233.607527455,3545
57746,2997,1903,3115206.3569576535,4266
53094,3408,2123,3119124.106387852,5194
49304,2936,2107,3123298.85581805,5605
48769,1402,1140,3126231.6052482487,4296
47685,1453,964,3127337.354678447,2600
46774,1413,934,3128215.1041086456,2402
46107,1270,855,3129000.8535388433,2272
45550,1189,772,3129618.602969042,2073
45196,1103,696,3130031.3523992402,1899
45124,887,680,3130232.101829439,1700
44890,369,355,3131205.8512596376,1199
46033,173,157,3130353.6006898354,579
47335,79,72,3129127.350120034,290
48675,47,36,3127752.0995502323,130
50015,54,32,3126305.848980431,75
51334,56,29,3124884.5984106287,91
52636,64,31,3123469.3478408274,90
53940,59,41,3122057.097271026,78
55160,76,41,3120716.8467012243,117
56317,55,31,3119487.596131423,111
57607,64,32,3118084.345561621,80
58921,31,32,3116700.0949918195,88
60038,43,29,3115470.8444220177,41
61136,43,35,3114263.5938522164,75
62408,103,68,3112795.343282414,124
63248,158,90,3111775.092712613,210
64161,236,131,3110639.8421428115,246
64814,308,179,3109763.5915730097,382
65866,298,188,3108609.341003208,380
66858,172,145,3107683.090433406,424
67790,190,95,3106679.839863605,321
68291,363,185,3105812.589293803,418
68564,526,292,3105166.3387240013,603
68257,761,405,3105022.0881542,842
67609,1090,585,3105057.837584398,1235
68691,909,527,3104111.587014597,1181
69142,507,371,3104115.3364447947,1249
69712,277,245,3103798.0858749934,803
70612,192,144,3102980.8353051916,452
71743,134,95,3101853.5847353903,254
72064,257,120,3101281.334165588,291
72502,362,204,3100551.0835957867,422
72761,531,284,3099939.8330259854,635
73127,482,302,3099501.5824561836,742
72805,786,451,3099267.3318863823,888
71773,1237,659,3099537.08131658,1383
70033,1698,933,3100438.8307467788,2039
70033,1698,933,3100438.8307467788,2039
